{
    "asset_id": "impact_asset_003",
    "title": "Bit\u00e1cora PATH \u2014 5 de junio",
    "type": "emotional_log",
    "summary": "Gu\u00eda emocional diaria con predicci\u00f3n, comandos simb\u00f3licos y cierre alineado.",
    "file": "PATH_Bitacora_2025-06-05.pdf",
    "commands": [
        "./self_prediction.sh",
        "./descanso_reparador.sh",
        "./proteger_centro.sh"
    ],
    "published_on": "2025-06-05",
    "status": "ready",
    "source": "Gumroad + GitHub Pages",
    "link_gumroad": "https://keysolver.gumroad.com/l/bamtx",
    "link_github": "https://aljnas.github.io/impact-serie-001"
}